<edmx:Edmx xmlns:edmx="http://docs.oasis-open.org/odata/ns/edmx" Version="4.0">
	<edmx:Reference Uri="../../catalogservice;v=2/Vocabularies(TechnicalName='%2FIWBEP%2FVOC_COMMON',Version='0001',SAP__Origin='')/$value"><edmx:Include Namespace="com.sap.vocabularies.Common.v1" Alias="Common"/></edmx:Reference>
	<edmx:Reference Uri="../../catalogservice;v=2/Vocabularies(TechnicalName='%2FIWBEP%2FVOC_UI',Version='0001',SAP__Origin='')/$value"><edmx:Include Namespace="com.sap.vocabularies.UI.v1" Alias="UI"/></edmx:Reference>
	<edmx:Reference
		Uri="../../catalogservice;v=2/Vocabularies(TechnicalName='%2FIWBEP%2FVOC_COMMUNICATION',Version='0001',SAP__Origin='')/$value"><edmx:Include Namespace="com.sap.vocabularies.Communication.v1" Alias="Communication"/></edmx:Reference>
	<edmx:Reference
		Uri="../../catalogservice;v=2/Vocabularies(TechnicalName='%2FIWBEP%2FVOC_PERSONALDATA',Version='0001',SAP__Origin='')/$value"><edmx:Include Namespace="com.sap.vocabularies.PersonalData.v1" Alias="PersonalData"/></edmx:Reference>
	<edmx:Reference Uri="../../catalogservice;v=2/Vocabularies(TechnicalName='%2FIWBEP%2FVOC_VALIDATION',Version='0001',SAP__Origin='')/$value"><edmx:Include Namespace="Org.OData.Validation.V1" Alias="Validation"/></edmx:Reference>
	<edmx:Reference Uri="../../catalogservice;v=2/Vocabularies(TechnicalName='%2FIWBEP%2FVOC_ANALYTICS',Version='0001',SAP__Origin='')/$value"><edmx:Include Namespace="com.sap.vocabularies.Analytics.v1" Alias="Analytics"/></edmx:Reference>
	<edmx:Reference
		Uri="../../catalogservice;v=2/Vocabularies(TechnicalName='%2FIWBEP%2FVOC_CAPABILITIES',Version='0001',SAP__Origin='')/$value"><edmx:Include Namespace="Org.OData.Capabilities.V1"/></edmx:Reference>
	<edmx:Reference Uri="../../../sap/zcase_lap_emp_cv_cds/$metadata"><edmx:Include Namespace="ZCASE_LAP_EMP_CV_CDS" Alias="SAP"/></edmx:Reference>
	<edmx:DataServices>
		<Schema xmlns="http://docs.oasis-open.org/odata/ns/edm" Namespace="zcase_lap_emp_cv_cds_van.v1">
			<Annotations Target="ZCASE_LAP_EMP_CV_CDS.ZCASE_LAP_LEAVE_CVType">
				<Annotation Term="UI.HeaderInfo">
					<Record><PropertyValue Property="TypeName" String="Leave Detail"/><PropertyValue Property="TypeNamePlural" String="Leave Details"/>
						<PropertyValue Property="Title">
							<Record Type="UI.DataField">
								<PropertyValue Property="Value" String="">
									<Annotation Term="Core.Messages">
										<Collection>
											<Record><PropertyValue Property="code" String="SADL_GW_EXP_VOCAN-001"/><PropertyValue Property="message"
												String="Property 'LeaveId' of annotation 'UI.HEADERINFO.TITLE' in proj./view 'ZCASE_LAP_LEAVE_CV' not found"/><PropertyValue Property="severity" String="error"/></Record>
										</Collection>
									</Annotation>
								</PropertyValue>
							</Record>
						</PropertyValue>
					</Record>
				</Annotation>
				<Annotation Term="UI.Identification">
					<Collection>
						<Record Type="UI.DataField"><PropertyValue Property="Value" Path="leave_approved"/><Annotation Term="UI.Importance" EnumMember="UI.ImportanceType/High"/></Record>
						<Record Type="UI.DataField"><PropertyValue Property="Value" Path="leave_type"/><Annotation Term="UI.Importance" EnumMember="UI.ImportanceType/High"/></Record>
						<Record Type="UI.DataField"><PropertyValue Property="Value" Path="leave_days_num"/><Annotation Term="UI.Importance" EnumMember="UI.ImportanceType/High"/></Record>
						<Record Type="UI.DataField"><PropertyValue Property="Value" Path="leave_end_date"/><Annotation Term="UI.Importance" EnumMember="UI.ImportanceType/High"/></Record>
						<Record Type="UI.DataField"><PropertyValue Property="Value" Path="leave_start_date"/><Annotation Term="UI.Importance" EnumMember="UI.ImportanceType/High"/></Record>
						<Record Type="UI.DataField"><PropertyValue Property="Value" Path="emp_id"/><Annotation Term="UI.Importance" EnumMember="UI.ImportanceType/High"/></Record>
						<Record Type="UI.DataField"><PropertyValue Property="Value" Path="leave_id"/><Annotation Term="UI.Importance" EnumMember="UI.ImportanceType/High"/></Record>
					</Collection>
				</Annotation>
				<Annotation Term="UI.LineItem">
					<Collection>
						<Record Type="UI.DataField"><PropertyValue Property="Value" Path="leave_approved"/><Annotation Term="UI.Importance" EnumMember="UI.ImportanceType/High"/></Record>
						<Record Type="UI.DataField"><PropertyValue Property="Value" Path="leave_type"/><Annotation Term="UI.Importance" EnumMember="UI.ImportanceType/High"/></Record>
						<Record Type="UI.DataField"><PropertyValue Property="Value" Path="leave_days_num"/><Annotation Term="UI.Importance" EnumMember="UI.ImportanceType/High"/></Record>
						<Record Type="UI.DataField"><PropertyValue Property="Value" Path="leave_end_date"/><Annotation Term="UI.Importance" EnumMember="UI.ImportanceType/High"/></Record>
						<Record Type="UI.DataField"><PropertyValue Property="Value" Path="leave_start_date"/><Annotation Term="UI.Importance" EnumMember="UI.ImportanceType/High"/></Record>
						<Record Type="UI.DataField"><PropertyValue Property="Value" Path="emp_id"/><Annotation Term="UI.Importance" EnumMember="UI.ImportanceType/High"/></Record>
						<Record Type="UI.DataField"><PropertyValue Property="Value" Path="leave_id"/><Annotation Term="UI.Importance" EnumMember="UI.ImportanceType/High"/></Record>
					</Collection>
				</Annotation>
				<Annotation Term="UI.SelectionFields">
					<Collection>
						<PropertyPath>leave_approved</PropertyPath>
						<PropertyPath>leave_type</PropertyPath>
						<PropertyPath>leave_days_num</PropertyPath>
						<PropertyPath>leave_end_date</PropertyPath>
						<PropertyPath>leave_start_date</PropertyPath>
						<PropertyPath>emp_id</PropertyPath>
						<PropertyPath>leave_id</PropertyPath>
					</Collection>
				</Annotation>
			</Annotations>
			<Annotations Target="_Entities">
				<Annotation Term="Org.OData.Capabilities.V1.BatchSupport">
					<Record Type="Org.OData.Capabilities.V1.BatchSupportType"><PropertyValue Property="ReferencesAcrossChangeSetsSupported" Bool="true"/></Record>
				</Annotation>
			</Annotations>
		</Schema>
	</edmx:DataServices>
</edmx:Edmx>