<edmx:Edmx xmlns:edmx="http://schemas.microsoft.com/ado/2007/06/edmx"
	xmlns:m="http://schemas.microsoft.com/ado/2007/08/dataservices/metadata" xmlns:sap="http://www.sap.com/Protocols/SAPData" Version="1.0">
	<edmx:Reference xmlns:edmx="http://docs.oasis-open.org/odata/ns/edmx"
		Uri="./iwfnd/catalogservice;v=2/Vocabularies(TechnicalName='%2FIWBEP%2FVOC_COMMON',Version='0001',SAP__Origin='LOCAL')/$value"><edmx:Include Namespace="com.sap.vocabularies.Common.v1" Alias="Common"/></edmx:Reference>
	<edmx:Reference xmlns:edmx="http://docs.oasis-open.org/odata/ns/edmx"
		Uri="./iwfnd/catalogservice;v=2/Vocabularies(TechnicalName='%2FIWBEP%2FVOC_CAPABILITIES',Version='0001',SAP__Origin='LOCAL')/$value"><edmx:Include Namespace="Org.OData.Capabilities.V1" Alias="Capabilities"/></edmx:Reference>
	<edmx:Reference xmlns:edmx="http://docs.oasis-open.org/odata/ns/edmx"
		Uri="./iwfnd/catalogservice;v=2/Vocabularies(TechnicalName='%2FIWBEP%2FVOC_COMMUNICATION',Version='0001',SAP__Origin='LOCAL')/$value"><edmx:Include Namespace="com.sap.vocabularies.Communication.v1" Alias="Communication"/></edmx:Reference>
	<edmx:Reference xmlns:edmx="http://docs.oasis-open.org/odata/ns/edmx"
		Uri="./iwfnd/catalogservice;v=2/Vocabularies(TechnicalName='%2FIWBEP%2FVOC_AGGREGATION',Version='0001',SAP__Origin='LOCAL')/$value"><edmx:Include Namespace="Org.OData.Aggregation.V1" Alias="Aggregation"/></edmx:Reference>
	<edmx:Reference xmlns:edmx="http://docs.oasis-open.org/odata/ns/edmx"
		Uri="./iwfnd/catalogservice;v=2/Vocabularies(TechnicalName='%2FIWBEP%2FVOC_PERSONALDATA',Version='0001',SAP__Origin='LOCAL')/$value"><edmx:Include Namespace="com.sap.vocabularies.PersonalData.v1" Alias="PersonalData"/></edmx:Reference>
	<edmx:Reference xmlns:edmx="http://docs.oasis-open.org/odata/ns/edmx"
		Uri="./iwfnd/catalogservice;v=2/Vocabularies(TechnicalName='%2FIWBEP%2FVOC_VALIDATION',Version='0001',SAP__Origin='LOCAL')/$value"><edmx:Include Namespace="Org.OData.Validation.V1" Alias="Validation"/></edmx:Reference>
	<edmx:Reference xmlns:edmx="http://docs.oasis-open.org/odata/ns/edmx"
		Uri="./iwfnd/catalogservice;v=2/Vocabularies(TechnicalName='%2FIWBEP%2FVOC_ANALYTICS',Version='0001',SAP__Origin='LOCAL')/$value"><edmx:Include Namespace="com.sap.vocabularies.Analytics.v1" Alias="Analytics"/></edmx:Reference>
	<edmx:Reference xmlns:edmx="http://docs.oasis-open.org/odata/ns/edmx"
		Uri="./iwfnd/catalogservice;v=2/Vocabularies(TechnicalName='%2FIWBEP%2FVOC_MEASURES',Version='0001',SAP__Origin='LOCAL')/$value"><edmx:Include Namespace="Org.OData.Measures.V1" Alias="Measures"/></edmx:Reference>
	<edmx:Reference xmlns:edmx="http://docs.oasis-open.org/odata/ns/edmx"
		Uri="./iwfnd/catalogservice;v=2/Vocabularies(TechnicalName='%2FIWBEP%2FVOC_UI',Version='0001',SAP__Origin='LOCAL')/$value"><edmx:Include Namespace="com.sap.vocabularies.UI.v1" Alias="UI"/></edmx:Reference>
	<edmx:DataServices m:DataServiceVersion="2.0">
		<Schema xmlns="http://schemas.microsoft.com/ado/2008/09/edm" Namespace="ZACT_EMP_CV_CDS" xml:lang="en" sap:schema-version="1">
			<EntityType Name="ZACT_EMP_CVType" sap:label="employee cv" sap:content-version="1">
				<Key><PropertyRef Name="emp_id"/></Key><Property Name="emp_id" Type="Edm.String" Nullable="false" MaxLength="15" sap:display-format="UpperCase" sap:label="Employee Id"
					sap:quickinfo="Data element for Emp ID"/><Property Name="name" Type="Edm.String" MaxLength="20" sap:display-format="UpperCase" sap:label="Name" sap:quickinfo="name of the employee"/><Property Name="gender" Type="Edm.String" MaxLength="1" sap:display-format="UpperCase" sap:label="Gender"
					sap:quickinfo="data elem for gender field casestudy"/><Property Name="team" Type="Edm.String" MaxLength="40" sap:display-format="UpperCase" sap:label="Team"
					sap:quickinfo="generic text case study data elem"/><Property Name="region" Type="Edm.String" MaxLength="40" sap:display-format="UpperCase" sap:label="Region"
					sap:quickinfo="generic text case study data elem"/><Property Name="p_number" Type="Edm.String" MaxLength="14" sap:display-format="NonNegative" sap:label="Phone Number"/><Property Name="street" Type="Edm.String" MaxLength="30" sap:label="Street"/><Property Name="city" Type="Edm.String" MaxLength="20" sap:display-format="UpperCase" sap:label="City"/><NavigationProperty Name="to_leavetp" Relationship="ZACT_EMP_CV_CDS.assoc_2436FDC96EB3EE00FD1964579F991982"
					FromRole="FromRole_assoc_2436FDC96EB3EE00FD1964579F991982" ToRole="ToRole_assoc_2436FDC96EB3EE00FD1964579F991982"/><NavigationProperty Name="to_tlogtp" Relationship="ZACT_EMP_CV_CDS.assoc_8075BC0C60CCEA08B9C3E7391A15AFE8"
					FromRole="FromRole_assoc_8075BC0C60CCEA08B9C3E7391A15AFE8" ToRole="ToRole_assoc_8075BC0C60CCEA08B9C3E7391A15AFE8"/></EntityType>
			<EntityType Name="ZACT_LEAVE_CV2Type" sap:label="leave cv 2" sap:content-version="1">
				<Key><PropertyRef Name="leave_id"/><PropertyRef Name="emp_id"/></Key><Property Name="leave_id" Type="Edm.String" Nullable="false" MaxLength="4" sap:display-format="UpperCase" sap:label="Leave Id"
					sap:quickinfo="leave id data elem casestudy"/><Property Name="emp_id" Type="Edm.String" Nullable="false" MaxLength="15" sap:display-format="UpperCase" sap:label="Employee Id"
					sap:quickinfo="Data element for Emp ID"/><Property Name="leave_start_date" Type="Edm.DateTime" Precision="0" sap:display-format="Date" sap:label="Start Date"
					sap:quickinfo="date data element casestudy"/><Property Name="leave_end_date" Type="Edm.DateTime" Precision="0" sap:display-format="Date" sap:label="End Date"
					sap:quickinfo="date data element casestudy"/><Property Name="leave_days_num" Type="Edm.Byte" sap:label="Number of Days"/><Property Name="leave_type" Type="Edm.String" MaxLength="40" sap:display-format="UpperCase" sap:label="Leave Type"
					sap:quickinfo="generic text case study data elem"/><Property Name="leave_approved" Type="Edm.String" MaxLength="40" sap:display-format="UpperCase" sap:label="Status"
					sap:quickinfo="generic text case study data elem" sap:creatable="false" sap:updatable="false"/><NavigationProperty Name="to_empcv" Relationship="ZACT_EMP_CV_CDS.assoc_2436FDC96EB3EE00FD1964579F991982"
					FromRole="ToRole_assoc_2436FDC96EB3EE00FD1964579F991982" ToRole="FromRole_assoc_2436FDC96EB3EE00FD1964579F991982"/></EntityType>
			<EntityType Name="ZACT_TLOG_CV2Type" sap:label="CV Timelog 2" sap:content-version="1">
				<Key><PropertyRef Name="empid"/></Key><Property Name="empid" Type="Edm.String" Nullable="false" MaxLength="15" sap:display-format="UpperCase" sap:label="Employee Id"
					sap:quickinfo="Data element for Emp ID"/><Property Name="time_logged" Type="Edm.Byte" sap:label="Time Logged (In hours)" sap:quickinfo="Time looged data element"/><Property Name="comments" Type="Edm.String" MaxLength="40" sap:display-format="UpperCase" sap:label="Comments"
					sap:quickinfo="generic text case study data elem"/><Property Name="logon_date" Type="Edm.DateTime" Precision="0" sap:display-format="Date" sap:label="Logon Date"
					sap:quickinfo="date data element casestudy"/><NavigationProperty Name="to_empcv" Relationship="ZACT_EMP_CV_CDS.assoc_8075BC0C60CCEA08B9C3E7391A15AFE8"
					FromRole="ToRole_assoc_8075BC0C60CCEA08B9C3E7391A15AFE8" ToRole="FromRole_assoc_8075BC0C60CCEA08B9C3E7391A15AFE8"/></EntityType>
			<Association Name="assoc_8075BC0C60CCEA08B9C3E7391A15AFE8" sap:content-version="1">
				<End Type="ZACT_EMP_CV_CDS.ZACT_EMP_CVType" Multiplicity="1" Role="FromRole_assoc_8075BC0C60CCEA08B9C3E7391A15AFE8"><OnDelete Action="Cascade"/></End><End Type="ZACT_EMP_CV_CDS.ZACT_TLOG_CV2Type" Multiplicity="1" Role="ToRole_assoc_8075BC0C60CCEA08B9C3E7391A15AFE8"/>
				<ReferentialConstraint>
					<Principal Role="FromRole_assoc_8075BC0C60CCEA08B9C3E7391A15AFE8"><PropertyRef Name="emp_id"/></Principal>
					<Dependent Role="ToRole_assoc_8075BC0C60CCEA08B9C3E7391A15AFE8"><PropertyRef Name="empid"/></Dependent>
				</ReferentialConstraint>
			</Association>
			<Association Name="assoc_2436FDC96EB3EE00FD1964579F991982" sap:content-version="1">
				<End Type="ZACT_EMP_CV_CDS.ZACT_EMP_CVType" Multiplicity="1" Role="FromRole_assoc_2436FDC96EB3EE00FD1964579F991982"><OnDelete Action="Cascade"/></End><End Type="ZACT_EMP_CV_CDS.ZACT_LEAVE_CV2Type" Multiplicity="*" Role="ToRole_assoc_2436FDC96EB3EE00FD1964579F991982"/>
				<ReferentialConstraint>
					<Principal Role="FromRole_assoc_2436FDC96EB3EE00FD1964579F991982"><PropertyRef Name="emp_id"/></Principal>
					<Dependent Role="ToRole_assoc_2436FDC96EB3EE00FD1964579F991982"><PropertyRef Name="emp_id"/></Dependent>
				</ReferentialConstraint>
			</Association>
			<EntityContainer Name="ZACT_EMP_CV_CDS_Entities" m:IsDefaultEntityContainer="true" sap:message-scope-supported="true"
				sap:supported-formats="atom json xlsx"><EntitySet Name="ZACT_EMP_CV" EntityType="ZACT_EMP_CV_CDS.ZACT_EMP_CVType" sap:creatable="false" sap:deletable="false" sap:searchable="true"
				sap:content-version="1"/><EntitySet Name="ZACT_LEAVE_CV2" EntityType="ZACT_EMP_CV_CDS.ZACT_LEAVE_CV2Type" sap:searchable="true" sap:content-version="1"/><EntitySet Name="ZACT_TLOG_CV2" EntityType="ZACT_EMP_CV_CDS.ZACT_TLOG_CV2Type" sap:searchable="true" sap:content-version="1"/>
				<AssociationSet Name="assoc_2436FDC96EB3EE00FD1964579F991982" Association="ZACT_EMP_CV_CDS.assoc_2436FDC96EB3EE00FD1964579F991982"
					sap:creatable="false" sap:updatable="false" sap:deletable="false" sap:content-version="1"><End EntitySet="ZACT_EMP_CV" Role="FromRole_assoc_2436FDC96EB3EE00FD1964579F991982"/><End EntitySet="ZACT_LEAVE_CV2" Role="ToRole_assoc_2436FDC96EB3EE00FD1964579F991982"/></AssociationSet>
				<AssociationSet Name="assoc_8075BC0C60CCEA08B9C3E7391A15AFE8" Association="ZACT_EMP_CV_CDS.assoc_8075BC0C60CCEA08B9C3E7391A15AFE8"
					sap:creatable="false" sap:updatable="false" sap:deletable="false" sap:content-version="1"><End EntitySet="ZACT_EMP_CV" Role="FromRole_assoc_8075BC0C60CCEA08B9C3E7391A15AFE8"/><End EntitySet="ZACT_TLOG_CV2" Role="ToRole_assoc_8075BC0C60CCEA08B9C3E7391A15AFE8"/></AssociationSet>
			</EntityContainer>
			<Annotations xmlns="http://docs.oasis-open.org/odata/ns/edm" Target="ZACT_EMP_CV_CDS.ZACT_EMP_CV_CDS_Entities"><Annotation Term="Common.ApplyMultiUnitBehaviorForSortingAndFiltering" Bool="true"/>
				<Annotation Term="Aggregation.ApplySupported">
					<Record>
						<PropertyValue Property="Transformations">
							<Collection>
								<String>aggregate</String>
								<String>groupby</String>
								<String>filter</String>
							</Collection>
						</PropertyValue><PropertyValue Property="Rollup" EnumMember="None"/></Record>
				</Annotation>
			</Annotations>
			<Annotations xmlns="http://docs.oasis-open.org/odata/ns/edm" Target="ZACT_EMP_CV_CDS.ZACT_EMP_CVType">
				<Annotation Term="Common.SemanticKey">
					<Collection>
						<PropertyPath>emp_id</PropertyPath>
					</Collection>
				</Annotation>
			</Annotations>
			<Annotations xmlns="http://docs.oasis-open.org/odata/ns/edm" Target="ZACT_EMP_CV_CDS.ZACT_LEAVE_CV2Type">
				<Annotation Term="Common.SemanticKey">
					<Collection>
						<PropertyPath>emp_id</PropertyPath>
						<PropertyPath>leave_id</PropertyPath>
					</Collection>
				</Annotation>
			</Annotations>
			<Annotations xmlns="http://docs.oasis-open.org/odata/ns/edm" Target="ZACT_EMP_CV_CDS.ZACT_TLOG_CV2Type">
				<Annotation Term="Common.SemanticKey">
					<Collection>
						<PropertyPath>empid</PropertyPath>
					</Collection>
				</Annotation>
			</Annotations>
			<Annotations xmlns="http://docs.oasis-open.org/odata/ns/edm" Target="ZACT_EMP_CV_CDS.ZACT_EMP_CV_CDS_Entities">
				<Annotation Term="Org.OData.Capabilities.V1.BatchSupport">
					<Record Type="Org.OData.Capabilities.V1.BatchSupportType"><PropertyValue Property="ReferencesAcrossChangeSetsSupported" Bool="true"/></Record>
				</Annotation>
			</Annotations><atom:link xmlns:atom="http://www.w3.org/2005/Atom" rel="self" href="./sap/ZACT_EMP_CV_CDS/$metadata"/><atom:link xmlns:atom="http://www.w3.org/2005/Atom" rel="latest-version" href="./sap/ZACT_EMP_CV_CDS/$metadata"/></Schema>
	</edmx:DataServices>
</edmx:Edmx>